run,id,request,expected_tool,predicted_tool,correct,confidence,decision_latency_ms,tool_latency_ms,end_to_end_latency_ms,rss_before_mb,rss_after_mb,cpu_percent_sample,tool_result
1,1,Calculate 125 * 24,calculator,none,False,0.9993252831483519,7902.417900000046,0.0010999999631167157,7902.419000000009,2763.26953125,2764.0078125,158.2,"{""message"": ""No external tool required.""}"
1,2,What is 100 + 250?,calculator,none,False,0.9997840180043939,6711.086199999954,0.0016000000186977559,6711.087799999973,2764.0078125,2764.1328125,188.1,"{""message"": ""No external tool required.""}"
1,3,Compute 500 / 25,calculator,none,False,0.9995625779483376,7746.412200000009,0.0012000000424450263,7746.413400000051,2764.1328125,2763.4375,172.3,"{""message"": ""No external tool required.""}"
1,4,Calculate 75 - 19,calculator,none,False,0.999303641079272,7599.47939999995,0.0011999999287581886,7599.480599999879,2763.4375,2764.56640625,179.1,"{""message"": ""No external tool required.""}"
1,5,What is 12 * 12?,calculator,none,False,0.9999422865550328,6653.8544,0.0010999999631167157,6653.855499999963,2764.56640625,2765.08984375,189.7,"{""message"": ""No external tool required.""}"
1,6,Compute 1000 / 8,calculator,none,False,0.9997350023897666,6542.619699999932,0.0009999999974752427,6542.6206999999295,2765.08984375,2765.0859375,191.1,"{""message"": ""No external tool required.""}"
1,7,Calculate 45 + 55,calculator,none,False,0.6867328244454425,8560.645799999975,0.0009999999974752427,8560.646799999973,2765.0859375,2764.01953125,150.4,"{""message"": ""No external tool required.""}"
1,8,What is 9 * 11?,calculator,none,False,0.895611969300744,8040.65490000005,0.0009999999974752427,8040.655900000047,2764.01953125,2764.8671875,173.9,"{""message"": ""No external tool required.""}"
1,9,Find customer C1001,customer_lookup,none,False,0.9013625652603958,6719.91150000008,0.0009999999974752427,6719.912500000078,2764.8671875,2764.203125,190.4,"{""message"": ""No external tool required.""}"
1,10,Show details for customer C1002,customer_lookup,none,False,0.8475206091530159,7065.218800000025,0.0011000000768035534,7065.219900000102,2764.203125,2762.359375,188.0,"{""message"": ""No external tool required.""}"
1,11,Look up customer C1003,customer_lookup,none,False,0.8981791740738966,7320.027900000014,0.0009000000318337698,7320.0288000000455,2762.359375,2764.4140625,186.3,"{""message"": ""No external tool required.""}"
1,12,Give me information about C1001,customer_lookup,none,False,0.9452431396817192,7706.06900000007,0.0009999999974752427,7706.070000000068,2764.4140625,2765.1171875,184.1,"{""message"": ""No external tool required.""}"
1,13,Find client C1002,customer_lookup,none,False,0.8980997895314717,6888.266000000044,0.0009999999974752427,6888.267000000042,2765.1171875,2764.0390625,191.0,"{""message"": ""No external tool required.""}"
1,14,Who is customer C1003?,customer_lookup,none,False,0.8305458998623387,6793.107599999985,0.001500000053056283,6793.109100000038,2764.0390625,2764.57421875,194.6,"{""message"": ""No external tool required.""}"
1,15,Retrieve customer C1001,customer_lookup,none,False,0.9105405625792707,7444.661900000028,0.0011000000768035534,7444.663000000105,2764.57421875,2764.0546875,184.7,"{""message"": ""No external tool required.""}"
1,16,Get customer profile C1002,customer_lookup,none,False,0.9192743971620028,7747.774999999933,0.0009999999974752427,7747.775999999931,2764.0546875,2764.296875,179.7,"{""message"": ""No external tool required.""}"
1,17,What is the status of order O1001?,order_lookup,none,False,0.6309096609486646,7299.267700000087,0.0012000000424450263,7299.268900000129,2764.296875,2765.19140625,183.7,"{""message"": ""No external tool required.""}"
1,18,Check order O1002,order_lookup,none,False,0.9588801086253537,7003.358200000093,0.0007999999525054591,7003.359000000046,2765.19140625,2765.44140625,192.1,"{""message"": ""No external tool required.""}"
1,19,Find order O1003,order_lookup,none,False,0.9555686993312603,8063.762499999939,0.001500000053056283,8063.763999999992,2765.44140625,2764.8046875,174.8,"{""message"": ""No external tool required.""}"
1,20,Show me order O1001,order_lookup,none,False,0.9446360429541043,8784.529999999904,0.0009999999974752427,8784.5309999999,2764.8046875,2762.21875,162.2,"{""message"": ""No external tool required.""}"
1,21,What happened to shipment O1002?,order_lookup,none,False,0.73463125451777,7617.226200000005,0.0012000000424450263,7617.227400000047,2762.21875,2764.56640625,182.6,"{""message"": ""No external tool required.""}"
1,22,Retrieve order O1003,order_lookup,none,False,0.9212296802799779,6657.277700000009,0.0016000000186977559,6657.279300000027,2764.56640625,2764.6328125,190.6,"{""message"": ""No external tool required.""}"
1,23,Give me details of order O1001,order_lookup,none,False,0.7921174165447399,7789.040199999931,0.0013999999737279722,7789.041599999905,2764.6328125,2765.75390625,183.7,"{""message"": ""No external tool required.""}"
1,24,Is O1002 delivered?,order_lookup,none,False,0.912859585551105,8017.240099999981,0.0010999999631167157,8017.241199999944,2765.75390625,2762.24609375,176.6,"{""message"": ""No external tool required.""}"
1,25,Search the web for Nokia AnyJev,web_search,web_search,True,0.6942098978047411,6729.850599999963,0.001500000053056283,6729.852100000016,2762.24609375,2765.66796875,189.4,"{""query"": ""Search the web for Nokia AnyJev"", ""message"": ""Web search stub. Connect this to your web/MCP search tool.""}"
1,26,Search for the latest AI news,web_search,none,False,0.951398402479423,6442.241100000047,0.0012000000424450263,6442.242300000089,2765.66796875,2764.76171875,191.1,"{""message"": ""No external tool required.""}"
1,27,Look up current information about Nokia,web_search,none,False,0.7095239289433286,7051.493100000016,0.0009999999974752427,7051.4941000000135,2764.76171875,2763.546875,182.4,"{""message"": ""No external tool required.""}"
1,28,Search online for AnyJev documentation,web_search,none,False,0.820890868258245,7996.971300000041,0.0012000000424450263,7996.9725000000835,2763.546875,2764.35546875,168.8,"{""message"": ""No external tool required.""}"
1,29,Find the latest information on agent tool calling,web_search,none,False,0.9124815707425332,7489.148699999987,0.0009000000318337698,7489.149600000019,2764.35546875,2764.51171875,174.6,"{""message"": ""No external tool required.""}"
1,30,Use web search to find current AI trends,web_search,web_search,True,0.9426890821072186,6711.7834000000585,0.001500000053056283,6711.7849000001115,2764.51171875,2764.85546875,189.5,"{""query"": ""Use web search to find current AI trends"", ""message"": ""Web search stub. Connect this to your web/MCP search tool.""}"
1,31,Hello,none,none,True,0.9773990596192392,7294.6766000000025,0.0013999999737279722,7294.677999999976,2764.85546875,2765.22265625,173.1,"{""message"": ""No external tool required.""}"
1,32,Explain what an AI agent is,none,none,True,0.9892376042856498,7928.5313000000315,0.0009999999974752427,7928.532300000029,2765.22265625,2765.9375,179.5,"{""message"": ""No external tool required.""}"
1,33,What is RAG?,none,none,True,0.9708457595621793,7379.5284000000265,0.0013000000080864993,7379.529700000035,2765.9375,2765.42578125,180.0,"{""message"": ""No external tool required.""}"
1,34,Explain tool calling,none,none,True,0.9561386612876007,7328.549100000032,0.0012000000424450263,7328.5503000000745,2765.42578125,2764.65625,186.8,"{""message"": ""No external tool required.""}"
1,35,What is machine learning?,none,none,True,0.9708362127428309,7799.428900000066,0.0016000000186977559,7799.430500000085,2764.65625,2766.23046875,175.5,"{""message"": ""No external tool required.""}"
1,36,Explain the difference between AI and ML,none,none,True,0.99325387557788,8066.409200000066,0.0009000000318337698,8066.410100000098,2766.23046875,2766.23046875,180.5,"{""message"": ""No external tool required.""}"
