id,request,expected_tool,predicted_tool,correct,confidence,decision_latency_ms,rss_mb,tool_result
1,Calculate 125 * 24,calculator,calculator,True,0.9737555469386479,1.0214000000132728,37.01171875,"{""expression"": ""125 * 24"", ""result"": 3000}"
2,What is 100 + 250?,calculator,calculator,True,0.9737555469386479,0.5437999999458043,37.01953125,"{""expression"": ""100 + 250"", ""result"": 350}"
3,Compute 500 / 25,calculator,calculator,True,0.9737555469386479,0.48370000001796143,37.0234375,"{""expression"": ""500 / 25"", ""result"": 20.0}"
4,Calculate 75 - 19,calculator,calculator,True,0.9737555469386479,0.44570000000021537,37.03515625,"{""expression"": ""75 - 19"", ""result"": 56}"
5,What is 12 * 12?,calculator,calculator,True,0.9737555469386479,0.46010000005480833,37.0390625,"{""expression"": ""12 * 12"", ""result"": 144}"
6,Compute 1000 / 8,calculator,calculator,True,0.9737555469386479,0.41329999999106803,37.0390625,"{""expression"": ""1000 / 8"", ""result"": 125.0}"
7,Calculate 45 + 55,calculator,calculator,True,0.9737555469386479,0.42989999997189443,37.0390625,"{""expression"": ""45 + 55"", ""result"": 100}"
8,What is 9 * 11?,calculator,calculator,True,0.9737555469386479,0.4691000000320855,37.0390625,"{""expression"": ""9 * 11"", ""result"": 99}"
9,Find customer C1001,customer_lookup,customer_lookup,True,0.9737555469386481,0.4834000000073502,37.0390625,"{""customer_id"": ""C1001"", ""name"": ""Ravi"", ""city"": ""Hyderabad"", ""tier"": ""Gold""}"
10,Show details for customer C1002,customer_lookup,customer_lookup,True,0.9737555469386481,0.5042999999886888,37.04296875,"{""customer_id"": ""C1002"", ""name"": ""Anita"", ""city"": ""Bengaluru"", ""tier"": ""Silver""}"
11,Look up customer C1003,customer_lookup,customer_lookup,True,0.9737555469386481,0.5034000000705419,37.04296875,"{""customer_id"": ""C1003"", ""name"": ""John"", ""city"": ""Chennai"", ""tier"": ""Gold""}"
12,Give me information about C1001,customer_lookup,customer_lookup,True,0.2,0.48349999997299165,37.04296875,"{""customer_id"": ""C1001"", ""name"": ""Ravi"", ""city"": ""Hyderabad"", ""tier"": ""Gold""}"
13,Find client C1002,customer_lookup,customer_lookup,True,0.9737555469386481,0.5300000000261207,37.04296875,"{""customer_id"": ""C1002"", ""name"": ""Anita"", ""city"": ""Bengaluru"", ""tier"": ""Silver""}"
14,Who is customer C1003?,customer_lookup,customer_lookup,True,0.9737555469386481,0.6076999999322652,37.04296875,"{""customer_id"": ""C1003"", ""name"": ""John"", ""city"": ""Chennai"", ""tier"": ""Gold""}"
15,Retrieve customer C1001,customer_lookup,customer_lookup,True,0.9737555469386481,0.8615999998937696,37.04296875,"{""customer_id"": ""C1001"", ""name"": ""Ravi"", ""city"": ""Hyderabad"", ""tier"": ""Gold""}"
16,Get customer profile C1002,customer_lookup,customer_lookup,True,0.9737555469386481,0.7835999999770138,37.046875,"{""customer_id"": ""C1002"", ""name"": ""Anita"", ""city"": ""Bengaluru"", ""tier"": ""Silver""}"
17,What is the status of order O1001?,order_lookup,order_lookup,True,0.9737555469386481,0.8010000000240325,37.05078125,"{""order_id"": ""O1001"", ""customer_id"": ""C1001"", ""status"": ""Shipped"", ""amount"": 12500}"
18,Check order O1002,order_lookup,order_lookup,True,0.9737555469386481,0.8073999999851367,37.05078125,"{""order_id"": ""O1002"", ""customer_id"": ""C1002"", ""status"": ""Delivered"", ""amount"": 8300}"
19,Find order O1003,order_lookup,order_lookup,True,0.9737555469386481,0.7702000000335829,37.05078125,"{""order_id"": ""O1003"", ""customer_id"": ""C1003"", ""status"": ""Processing"", ""amount"": 4200}"
20,Show me order O1001,order_lookup,order_lookup,True,0.9737555469386481,1.013899999975365,37.05078125,"{""order_id"": ""O1001"", ""customer_id"": ""C1001"", ""status"": ""Shipped"", ""amount"": 12500}"
21,What happened to shipment O1002?,order_lookup,order_lookup,True,0.9737555469386481,0.8698999999978696,37.05078125,"{""order_id"": ""O1002"", ""customer_id"": ""C1002"", ""status"": ""Delivered"", ""amount"": 8300}"
22,Retrieve order O1003,order_lookup,order_lookup,True,0.9737555469386481,0.853000000006432,37.05078125,"{""order_id"": ""O1003"", ""customer_id"": ""C1003"", ""status"": ""Processing"", ""amount"": 4200}"
23,Give me details of order O1001,order_lookup,order_lookup,True,0.9737555469386481,0.780099999929007,37.05078125,"{""order_id"": ""O1001"", ""customer_id"": ""C1001"", ""status"": ""Shipped"", ""amount"": 12500}"
24,Is O1002 delivered?,order_lookup,customer_lookup,False,0.2,0.49830000000383734,37.05859375,"{""error"": ""Customer ID not found""}"
25,Search the web for Nokia AnyJev,web_search,web_search,True,0.9737555469386479,0.4308000000037282,37.05859375,"{""query"": ""Search the web for Nokia AnyJev"", ""message"": ""Web search stub. Connect this to your web/MCP search tool.""}"
26,Search for the latest AI news,web_search,web_search,True,0.9737555469386479,0.47710000001188746,37.05859375,"{""query"": ""Search for the latest AI news"", ""message"": ""Web search stub. Connect this to your web/MCP search tool.""}"
27,Look up current information about Nokia,web_search,web_search,True,0.9737555469386479,0.5009999999856518,37.05859375,"{""query"": ""Look up current information about Nokia"", ""message"": ""Web search stub. Connect this to your web/MCP search tool.""}"
28,Search online for AnyJev documentation,web_search,web_search,True,0.9737555469386479,0.5062000000179978,37.05859375,"{""query"": ""Search online for AnyJev documentation"", ""message"": ""Web search stub. Connect this to your web/MCP search tool.""}"
29,Find the latest information on agent tool calling,web_search,web_search,True,0.9737555469386479,0.5341999999473046,37.05859375,"{""query"": ""Find the latest information on agent tool calling"", ""message"": ""Web search stub. Connect this to your web/MCP search tool.""}"
30,Use web search to find current AI trends,web_search,web_search,True,0.9737555469386479,0.603899999987334,37.05859375,"{""query"": ""Use web search to find current AI trends"", ""message"": ""Web search stub. Connect this to your web/MCP search tool.""}"
31,Hello,none,none,True,0.9737555469386476,0.5464999999276188,37.05859375,"{""message"": ""No external tool required.""}"
32,Explain what an AI agent is,none,none,True,0.9737555469386476,0.4734999999982392,37.05859375,"{""message"": ""No external tool required.""}"
33,What is RAG?,none,customer_lookup,False,0.2,0.4787000000305852,37.05859375,"{""error"": ""Customer ID not found""}"
34,Explain tool calling,none,none,True,0.9737555469386476,0.46109999993859674,37.05859375,"{""message"": ""No external tool required.""}"
35,What is machine learning?,none,customer_lookup,False,0.2,0.41249999992487574,37.0625,"{""error"": ""Customer ID not found""}"
36,Explain the difference between AI and ML,none,none,True,0.9737555469386476,0.4195000000208893,37.0625,"{""message"": ""No external tool required.""}"
